,asin
0,B00007BK3L
1,B000P6YM0I
2,B00HG1BOWO
3,B00EZB37X2
4,B000ZLY992
5,B00007AWXX
6,B00EVV77A0
7,B00005Q7E6
8,B00005R8BR
9,B00X6LREJU
10,B00005N7U1
11,B00007AXX1
12,B00005N7T3
13,B00005NIOC
14,B00007AZRH
15,B00005R8BH
16,B00I8P3HR2
17,B00005NIPP
18,B00008GT1Z
19,B0006PUYLY
20,B000ILVRO4
21,B00005NIOR
22,B000ILVRWQ
23,B00007B10Y
24,B00007GAK1
25,B005DNB4SG
26,B00005R8BL
27,B00005N7S2
28,B0017HT5T2
29,B00005N7QG
30,B000WM6NZW
31,B00005N7T5
32,B00005N7TL
33,B00005NIQO
34,B00005NIOA
35,B00005N7PG
36,B000NY15YI
37,B01CF3ECNK
38,B00005N7SG
39,B00005N7SB
40,B00005N7SC
41,B00079RO7G
42,B000ICB4X2
43,B00007AWME
44,B00005N7Q5
45,B00127ZC5I
46,B00005NIOH
47,B00005NINY
48,B00005N7Q1
49,B00005NIOD
50,B00005UMOT
51,B00007AX0N
52,B000A177ZA
53,B000IOE9Y6
54,B00008DP07
55,B000IOEJ8W
56,B00005NIPE
57,B00005N7TB
58,B000IMVNQU
59,B000IOEJCI
60,B000085A6U
61,B00006GXD4
62,B00005N7SN
63,B000YF6N8O
64,B0012C1O8C
65,B00005NIOS
66,B00005NIOZ
67,B000IOEK7M
68,B000BW56WO
69,B00005N7RD
70,B001684M22
71,B01HI8V10E
72,B00005N7R0
73,B00007AVYI
74,B000XBBZ96
75,B0037STB02
76,B00005NIPX
77,B001C4Q06G
78,B00007IJZT
79,B000IJ7RQ8
80,B00005N7TH
81,B000G6DK5U
82,B0001MS2D4
83,B000063XJL
84,B00008RUJP
85,B00005N7PN
86,B00005NIPH
87,B000INBBKM
88,B000ICB4T6
89,B00005N7TG
90,B00077B7M6
91,B00005N7PT
92,B00005NIRG
93,B00005R8BA
94,B00005N7QW
95,B0000A8YW4
96,B00005N7QN
97,B001LF4EVO
98,B00005QDWH
99,B00X6LREHM
100,B00005N7SM
101,B00005N7PH
102,B00005N7SA
103,B00005N7Q2
104,B00006LL1D
105,B00005N7R5
106,B00005N7QC
107,B000FTJ7BE
108,B00005NIND
109,B00005NIRE
110,B000P6YM4Y
111,B00X6LREH2
112,B00007G2X5
113,B005DNCU20
114,B000IOELH6
115,B000ILZ6VE
116,B00006LKH1
117,B00005N7TM
118,B005DNA3LU
119,B0000AWD92
120,B000K0YFVU
121,B00005NIOO
122,B0012OWC9A
123,B0000633EA
124,B00005N7P0
125,B000INCK4I
126,B000EGCIW8
127,B000W3MB5M
128,B00005NIN8
129,B00007B1AI
130,B00005N7QH
131,B000LXHJFK
132,B001074CAQ
133,B000FTJ7JQ
134,B000IJ84F6
135,B000UMJODW
136,B00005NIOW
137,B000ILY9LW
138,B00005N7R7
139,B00005N7PS
140,B00005Q7E7
141,B000066HVN
142,B000OPOEEE
143,B00005N7QA
144,B00005N7RA
145,B00005NIOM
146,B00007AZWJ
147,B00005NIP7
148,B000XXDJ70
149,B00005N7OV
150,B00005N7SS
151,B00005NINU
152,B00005N7SL
153,B00005NINB
154,B00007AXQ2
155,B000069YW9
156,B00005N7QI
